AdditionalAmlRequirement__c,AdditionalBankDetails__c,DestinationProductRecordType__c,DestinationProductType__c,ExcludeFromUpdate__c,ExpressionOfWishFormRequirement__c,FormsRequired__c,Id,Name,Product__c,Product__r.ReferenceName__c,RecommendationType__c,RecommendationType__r.ReferenceName__c,RecommendationTypeReference__c,ReferenceName__c,TransferFormsRequirement__c,UpdateEmailHeadline__c
Required,Required,0121t0000001eRHAAY,0121t0000001eRHAAY,false,Not required,false,a2hQz000000UArZIAW,Employer Lump sum SIPP,a2YQz000000sEScMAM,SIPP_HUBWISE,a24Qz0000052dwtIAA,LUMP_SUM,,EMPLOYER_LUMP_SUM_SIPP,Not required,Employer lump sum to your NOVA SIPP
Required,Required,0121t0000001eRHAAY,0121t0000001eRHAAY,false,Not required,false,a2hQz000000UAraIAG,Employer Regular SIPP,a2YQz000000sEScMAM,SIPP_HUBWISE,a24Qz0000052dwzIAA,REGULAR,,EMPLOYER_REGULAR_SIPP,Not required,Employer regular to your NOVA SIPP
Not required,Not required,0121t0000001ePeAAI,0121t0000001ePeAAI,false,Not required,false,a2hQz000000UArbIAG,External transfer GIA,a2YQz000000sESfMAM,GIA_HUBWISE,a24Qz0000052dwyIAA,EXTERNAL_TRANSFER_IN,,EXTERNAL_TRANSFER_GIA,Required,{cedingprovider} GIA transfer
Not required,Not required,0121t0000001eNHAAY,0121t0000001eNHAAY,false,Not required,false,a2hQz000000UArcIAG,External transfer ISA,a2YQz000000sESdMAM,SSISA_HUBWISE,a24Qz0000052dwyIAA,EXTERNAL_TRANSFER_IN,,EXTERNAL_TRANSFER_ISA,Required,{cedingprovider} ISA transfer
Not required,Not required,0121t0000001l9AAAQ,0121t0000001l9AAAQ,false,Not required,false,a2hQz000000UArdIAG,External transfer Junior ISA,a2YQz000000sESeMAM,JISA_HUBWISE,a24Qz0000052dwyIAA,EXTERNAL_TRANSFER_IN,,EXTERNAL_TRANSFER_JUNIOR_ISA,Required,{cedingprovider} Junior ISA transfer
Not required,Not required,0124J000000d1BjQAI,0124J000000d1BjQAI,false,Not required,false,a2hQz000000UAreIAG,External transfer Junior SIPP,a2YQz000000sESbMAM,JSIPP_HUBWISE,a24Qz0000052dwyIAA,EXTERNAL_TRANSFER_IN,,EXTERNAL_TRANSFER_JUNIOR_SIPP,Required,{cedingprovider} Junior SIPP transfer
Not required,Not required,0121t0000001eRHAAY,0121t0000001eRHAAY,false,Not required,false,a2hQz000000UArfIAG,External transfer SIPP,a2YQz000000sEScMAM,SIPP_HUBWISE,a24Qz0000052dwyIAA,EXTERNAL_TRANSFER_IN,,EXTERNAL_TRANSFER_SIPP,Required,{cedingprovider} pension transfer
Not required,Not required,0121t0000001ePeAAI,0121t0000001ePeAAI,false,Not required,false,a2hQz000000UArgIAG,Internal transfer GIA,a2YQz000000sESfMAM,GIA_HUBWISE,a24Qz0000052dwuIAA,INTERNAL_TRANSFER,,INTERNAL_TRANSFER_GIA,Not required,Internal transfer to your NOVA GIA
Not required,Not required,0121t0000001eNHAAY,0121t0000001eNHAAY,false,Not required,false,a2hQz000000UArhIAG,Internal transfer ISA,a2YQz000000sESdMAM,SSISA_HUBWISE,a24Qz0000052dwuIAA,INTERNAL_TRANSFER,,INTERNAL_TRANSFER_ISA,Not required,Internal transfer from your NOVA GIA to your NOVA ISA
Not required,Not required,0121t0000001l9AAAQ,0121t0000001l9AAAQ,false,Not required,false,a2hQz000000UAriIAG,Internal transfer Junior ISA,a2YQz000000sESeMAM,JISA_HUBWISE,a24Qz0000052dwuIAA,INTERNAL_TRANSFER,,INTERNAL_TRANSFER_JUNIOR_ISA,Not required,Internal transfer from your NOVA GIA to your NOVA Junior ISA
Not required,Not required,0124J000000d1BjQAI,0124J000000d1BjQAI,false,Not required,false,a2hQz000000UArjIAG,Internal transfer Junior SIPP,a2YQz000000sESbMAM,JSIPP_HUBWISE,a24Qz0000052dwuIAA,INTERNAL_TRANSFER,,INTERNAL_TRANSFER_JUNIOR_SIPP,Not required,Internal transfer from your NOVA GIA  to your NOVA Junior SIPP
Not required,Not required,0121t0000001eRHAAY,0121t0000001eRHAAY,false,Not required,false,a2hQz000000UArkIAG,Internal transfer SIPP,a2YQz000000sEScMAM,SIPP_HUBWISE,a24Qz0000052dwuIAA,INTERNAL_TRANSFER,,INTERNAL_TRANSFER_SIPP,Not required,Internal transfer from your NOVA GIA  to your NOVA SIPP
Not required,Not required,0121t0000001ePeAAI,0121t0000001ePeAAI,false,Not required,false,a2hQz000000UArlIAG,Lump sum GIA,a2YQz000000sESfMAM,GIA_HUBWISE,a24Qz0000052dwtIAA,LUMP_SUM,,LUMP_SUM_GIA,Not required,Lump sum to your NOVA GIA
Not required,Not required,0121t0000001eNHAAY,0121t0000001eNHAAY,false,Not required,false,a2hQz000000UArmIAG,Lump sum ISA,a2YQz000000sESdMAM,SSISA_HUBWISE,a24Qz0000052dwtIAA,LUMP_SUM,,LUMP_SUM_ISA,Not required,Lump sum to your NOVA ISA
Not required,Not required,0121t0000001l9AAAQ,0121t0000001l9AAAQ,false,Not required,false,a2hQz000000UArnIAG,Lump sum Junior ISA,a2YQz000000sESeMAM,JISA_HUBWISE,a24Qz0000052dwtIAA,LUMP_SUM,,LUMP_SUM_JUNIOR_ISA,Not required,Lump sum to your NOVA Junior ISA
Not required,Not required,0124J000000d1BjQAI,0124J000000d1BjQAI,false,Not required,false,a2hQz000000UAroIAG,Lump sum Junior SIPP,a2YQz000000sESbMAM,JSIPP_HUBWISE,a24Qz0000052dwtIAA,LUMP_SUM,,LUMP_SUM_JUNIOR_SIPP,Not required,Lump sum to your NOVA Junior SIPP
Not required,Not required,0121t0000001eRHAAY,0121t0000001eRHAAY,false,Not required,false,a2hQz000000UArpIAG,Lump sum SIPP,a2YQz000000sEScMAM,SIPP_HUBWISE,a24Qz0000052dwtIAA,LUMP_SUM,,LUMP_SUM_SIPP,Not required,Lump sum to your NOVA SIPP
Not required,Not required,0121t0000001ePeAAI,0121t0000001ePeAAI,true,Not required,false,a2hQz000000UArqIAG,Open product GIA,a2YQz000000sESfMAM,GIA_HUBWISE,a24Qz0000052dwvIAA,OPEN_PRODUCT,,OPEN_PRODUCT_GIA,Not required,
Not required,Not required,0121t0000001eNHAAY,0121t0000001eNHAAY,true,Not required,false,a2hQz000000UArrIAG,Open product ISA,a2YQz000000sESdMAM,SSISA_HUBWISE,a24Qz0000052dwvIAA,OPEN_PRODUCT,,OPEN_PRODUCT_ISA,Not required,
Not required,Not required,0121t0000001l9AAAQ,0121t0000001l9AAAQ,true,Not required,false,a2hQz000000UArsIAG,Open product Junior ISA,a2YQz000000sESeMAM,JISA_HUBWISE,a24Qz0000052dwvIAA,OPEN_PRODUCT,,OPEN_PRODUCT_JUNIOR_ISA,Not required,
Not required,Not required,0124J000000d1BjQAI,0124J000000d1BjQAI,true,Not required,false,a2hQz000000UArtIAG,Open product Junior SIPP,a2YQz000000sESbMAM,JSIPP_HUBWISE,a24Qz0000052dwvIAA,OPEN_PRODUCT,,OPEN_PRODUCT_JUNIOR_SIPP,Not required,
Not required,Not required,0121t0000001eRHAAY,0121t0000001eRHAAY,true,Required,false,a2hQz000000UAruIAG,Open product SIPP,a2YQz000000sEScMAM,SIPP_HUBWISE,a24Qz0000052dwvIAA,OPEN_PRODUCT,,OPEN_PRODUCT_SIPP,Not required,
Not required,Not required,0121t0000001ePeAAI,0121t0000001ePeAAI,true,Not required,false,a2hQz000000UArvIAG,Rebalance GIA,a2YQz000000sESfMAM,GIA_HUBWISE,a24Qz0000052dwrIAA,REBALANCE,,REBALANCE_GIA,Not required,Rebalance to your NOVA GIA
Not required,Not required,0121t0000001eNHAAY,0121t0000001eNHAAY,true,Not required,false,a2hQz000000UArwIAG,Rebalance ISA,a2YQz000000sESdMAM,SSISA_HUBWISE,a24Qz0000052dwrIAA,REBALANCE,,REBALANCE_ISA,Not required,Rebalance to your NOVA ISA
Not required,Not required,0121t0000001l9AAAQ,0121t0000001l9AAAQ,true,Not required,false,a2hQz000000UArxIAG,Rebalance Junior ISA,a2YQz000000sESeMAM,JISA_HUBWISE,a24Qz0000052dwrIAA,REBALANCE,,REBALANCE_JUNIOR_ISA,Not required,Rebalance to your NOVA Junior ISA
Not required,Not required,0124J000000d1BjQAI,0124J000000d1BjQAI,true,Not required,false,a2hQz000000UAryIAG,Rebalance Junior SIPP,a2YQz000000sESbMAM,JSIPP_HUBWISE,a24Qz0000052dwrIAA,REBALANCE,,REBALANCE_JUNIOR_SIPP,Not required,Rebalance to your NOVA Junior SIPP
Not required,Not required,0121t0000001eRHAAY,0121t0000001eRHAAY,true,Not required,false,a2hQz000000UArzIAG,Rebalance SIPP,a2YQz000000sEScMAM,SIPP_HUBWISE,a24Qz0000052dwrIAA,REBALANCE,,REBALANCE_SIPP,Not required,Rebalance to your NOVA SIPP
Not required,Not required,0121t0000001ePeAAI,0121t0000001ePeAAI,false,Not required,false,a2hQz000000UAs0IAG,Regular GIA,a2YQz000000sESfMAM,GIA_HUBWISE,a24Qz0000052dwzIAA,REGULAR,,REGULAR_GIA,Not required,Regular to your NOVA GIA
Not required,Not required,0121t0000001eNHAAY,0121t0000001eNHAAY,false,Not required,false,a2hQz000000UAs1IAG,Regular ISA,a2YQz000000sESdMAM,SSISA_HUBWISE,a24Qz0000052dwzIAA,REGULAR,,REGULAR_ISA,Not required,Regular to your NOVA ISA
Not required,Not required,0121t0000001l9AAAQ,0121t0000001l9AAAQ,false,Not required,false,a2hQz000000UAs2IAG,Regular Junior ISA,a2YQz000000sESeMAM,JISA_HUBWISE,a24Qz0000052dwzIAA,REGULAR,,REGULAR_JUNIOR_ISA,Not required,Regular to your NOVA Junior ISA
Not required,Not required,0124J000000d1BjQAI,0124J000000d1BjQAI,false,Not required,false,a2hQz000000UAs3IAG,Regular Junior SIPP,a2YQz000000sESbMAM,JSIPP_HUBWISE,a24Qz0000052dwzIAA,REGULAR,,REGULAR_JUNIOR_SIPP,Not required,Regular to your NOVA Junior SIP
Not required,Not required,0121t0000001eRHAAY,0121t0000001eRHAAY,false,Not required,false,a2hQz000000UAs4IAG,Regular SIPP,a2YQz000000sEScMAM,SIPP_HUBWISE,a24Qz0000052dwzIAA,REGULAR,,REGULAR_SIPP,Not required,Regular to your NOVA SIPP
Not required,Not required,0121t0000001ePeAAI,0121t0000001ePeAAI,true,Not required,false,a2hQz000000UAs5IAG,Switch GIA,a2YQz000000sESfMAM,GIA_HUBWISE,a24Qz0000052dwsIAA,PORTFOLIO_SWITCH,,SWITCH_GIA,Not required,Portfolio switch for your NOVA GIA
Not required,Not required,0121t0000001eNHAAY,0121t0000001eNHAAY,true,Not required,false,a2hQz000000UAs6IAG,Switch ISA,a2YQz000000sESdMAM,SSISA_HUBWISE,a24Qz0000052dwsIAA,PORTFOLIO_SWITCH,,SWITCH_ISA,Not required,Portfolio switch for your NOVA ISA
Not required,Not required,0121t0000001l9AAAQ,0121t0000001l9AAAQ,true,Not required,false,a2hQz000000UAs7IAG,Switch Junior ISA,a2YQz000000sESeMAM,JISA_HUBWISE,a24Qz0000052dwsIAA,PORTFOLIO_SWITCH,,SWITCH_JUNIOR_ISA,Not required,Portfolio switch for your NOVA Junior ISA
Not required,Not required,0124J000000d1BjQAI,0124J000000d1BjQAI,true,Not required,false,a2hQz000000UAs8IAG,Switch Junior SIPP,a2YQz000000sESbMAM,JSIPP_HUBWISE,a24Qz0000052dwsIAA,PORTFOLIO_SWITCH,,SWITCH_JUNIOR_SIPP,Not required,Portfolio switch for your NOVA Junior SIPP
Not required,Not required,0121t0000001eRHAAY,0121t0000001eRHAAY,true,Not required,false,a2hQz000000UAs9IAG,Switch SIPP,a2YQz000000sEScMAM,SIPP_HUBWISE,a24Qz0000052dwsIAA,PORTFOLIO_SWITCH,,SWITCH_SIPP,Not required,Portfolio switch for your NOVA SIPP
Not required,Not required,0121t0000001ePeAAI,0121t0000001ePeAAI,true,Not required,false,a2hQz000000UAsAIAW,Cancel regular GIA,a2YQz000000sESfMAM,GIA_HUBWISE,a24Qz0000052dwwIAA,CANCEL_EXISTING_REGULAR,,CANCEL_REGULAR_GIA,Not required,Cancellation of your regular
Not required,Not required,0121t0000001eNHAAY,0121t0000001eNHAAY,true,Not required,false,a2hQz000000UAsBIAW,Cancel regular ISA,a2YQz000000sESdMAM,SSISA_HUBWISE,a24Qz0000052dwwIAA,CANCEL_EXISTING_REGULAR,,CANCEL_REGULAR_ISA,Not required,Cancellation of your regular
Not required,Not required,0121t0000001l9AAAQ,0121t0000001l9AAAQ,true,Not required,false,a2hQz000000UAsCIAW,Cancel regular Junior ISA,a2YQz000000sESeMAM,JISA_HUBWISE,a24Qz0000052dwwIAA,CANCEL_EXISTING_REGULAR,,CANCEL_REGULAR_JUNIOR_ISA,Not required,Cancellation of your regular
Not required,Not required,0124J000000d1BjQAI,0124J000000d1BjQAI,true,Not required,false,a2hQz000000UAsDIAW,Cancel regular Junior SIPP,a2YQz000000sESbMAM,JSIPP_HUBWISE,a24Qz0000052dwwIAA,CANCEL_EXISTING_REGULAR,,CANCEL_REGULAR_JUNIOR_SIPP,Not required,Cancellation of your regular
Not required,Not required,0121t0000001eRHAAY,0121t0000001eRHAAY,true,Not required,false,a2hQz000000UAsEIAW,Cancel regular SIPP,a2YQz000000sEScMAM,SIPP_HUBWISE,a24Qz0000052dwwIAA,CANCEL_EXISTING_REGULAR,,CANCEL_REGULAR_SIPP,Not required,Cancellation of your regular
Not required,Not required,0121t0000001ePeAAI,0121t0000001ePeAAI,true,Not required,false,a2hQz000000UAsFIAW,Change to regular GIA,a2YQz000000sESfMAM,GIA_HUBWISE,a24Qz0000052dwxIAA,CHANGE_EXISTING_REGULAR,,CHANGE_TO_REGULAR_GIA,Not required,Change to your regular
Not required,Not required,0121t0000001eNHAAY,0121t0000001eNHAAY,true,Not required,false,a2hQz000000UAsGIAW,Change to regular ISA,a2YQz000000sESdMAM,SSISA_HUBWISE,a24Qz0000052dwxIAA,CHANGE_EXISTING_REGULAR,,CHANGE_TO_REGULAR_ISA,Not required,Change to your regular
Not required,Not required,0121t0000001l9AAAQ,0121t0000001l9AAAQ,true,Not required,false,a2hQz000000UAsHIAW,Change to regular Junior ISA,a2YQz000000sESeMAM,JISA_HUBWISE,a24Qz0000052dwxIAA,CHANGE_EXISTING_REGULAR,,CHANGE_TO_REGULAR_JUNIOR_ISA,Not required,Change to your regular
Not required,Not required,0124J000000d1BjQAI,0124J000000d1BjQAI,true,Not required,false,a2hQz000000UAsIIAW,Change to regular Junior SIPP,a2YQz000000sESbMAM,JSIPP_HUBWISE,a24Qz0000052dwxIAA,CHANGE_EXISTING_REGULAR,,CHANGE_TO_REGULAR_JUNIOR_SIPP,Not required,Change to your regular
Not required,Not required,0121t0000001eRHAAY,0121t0000001eRHAAY,true,Not required,false,a2hQz000000UAsJIAW,Change to regular SIPP,a2YQz000000sEScMAM,SIPP_HUBWISE,a24Qz0000052dwxIAA,CHANGE_EXISTING_REGULAR,,CHANGE_TO_REGULAR_SIPP,Not required,Change to your regular
Not required,Not required,0121t0000001ePeAAI,0121t0000001ePeAAI,true,Not required,false,a2hQz000000UAsKIAW,Lump sum withdrawal GIA,a2YQz000000sESfMAM,GIA_HUBWISE,a24Qz0000052dx2IAA,LUMP_SUM_WITHDRAWAL,,LUMP_SUM_WITHDRAWAL_GIA,Not required,
Not required,Not required,0121t0000001eNHAAY,0121t0000001eNHAAY,true,Not required,false,a2hQz000000UAsLIAW,Lump sum withdrawal ISA,a2YQz000000sESdMAM,SSISA_HUBWISE,a24Qz0000052dx2IAA,LUMP_SUM_WITHDRAWAL,,LUMP_SUM_WITHDRAWAL_ISA,Not required,
Not required,Not required,0121t0000001ePeAAI,0121t0000001ePeAAI,true,Not required,false,a2hQz000000UAsMIAW,Regular withdrawal GIA,a2YQz000000sESfMAM,GIA_HUBWISE,a24Qz0000052dx3IAA,REGULAR_WITHDRAWAL,,REGULAR_WITHDRAWAL_GIA,Not required,
Not required,Not required,0121t0000001eRHAAY,0121t0000001eRHAAY,true,Not required,false,a2hQz000000UAsNIAW,Lump sum withdrawal SIPP,a2YQz000000sEScMAM,SIPP_HUBWISE,a24Qz0000052dx2IAA,LUMP_SUM_WITHDRAWAL,,LUMP_SUM_WITHDRAWAL_SIPP,Not required,
Not required,Not required,0121t0000001eNHAAY,0121t0000001eNHAAY,true,Not required,false,a2hQz000000UAsOIAW,Regular withdrawal ISA,a2YQz000000sESdMAM,SSISA_HUBWISE,a24Qz0000052dx3IAA,REGULAR_WITHDRAWAL,,REGULAR_WITHDRAWAL_ISA,Not required,
Not required,Not required,0121t0000001eRHAAY,0121t0000001eRHAAY,true,Not required,false,a2hQz000000UAsPIAW,Regular withdrawal SIPP,a2YQz000000sEScMAM,SIPP_HUBWISE,a24Qz0000052dx3IAA,REGULAR_WITHDRAWAL,,REGULAR_WITHDRAWAL_SIPP,Not required,
,Not required,0121t0000001eO9AAI,0121t0000001eO9AAI,true,Not required,false,a2hQz000000UAsQIAW,Open product VCT,,,a24Qz0000052dwvIAA,OPEN_PRODUCT,OPEN_PRODUCT,OPEN_PRODUCT_VCT,Not required,
Not required,Not required,0121t0000001eObAAI,0121t0000001eObAAI,true,Not required,false,a2hQz000000UAsRIAW,Open product Knowledge Intensive EIS,a2YQz000000sESiMAM,KI_OI_EIS,a24Qz0000052dwvIAA,OPEN_PRODUCT,OPEN_PRODUCT,OPEN_PRODUCT_EIS,Not required,
Not required,Not required,0121t0000001eObAAI,0121t0000001eObAAI,false,Not required,false,a2hQz000000UAsSIAW,Lump sum Knowledge Intensive EIS,a2YQz000000sESiMAM,KI_OI_EIS,a24Qz0000052dwtIAA,LUMP_SUM,LUMP_SUM,LUMP_SUM_EIS,Not required,Lump sum to your new EIS
,Not required,0121t0000001eO9AAI,0121t0000001eO9AAI,false,Not required,false,a2hQz000000UAsTIAW,Lump sum VCT,,,a24Qz0000052dwtIAA,LUMP_SUM,LUMP_SUM,LUMP_SUM_VCT,Not required,Lump sum to your new VCT
Not required,Not required,0121t0000001eRHAAY,0121t0000001eRHAAY,true,Not required,false,a2hQz000000UAsUIAW,Client action SIPP,a2YQz000000sEScMAM,SIPP_HUBWISE,a24Qz0000052dx4IAA,CLIENT_ACTION,CLIENT_ACTION,CLIENT_ACTION_SIPP,Not required,{nsaction} - {destinationprovider} SIPP
Not required,Not required,0121t0000001eNHAAY,0121t0000001eNHAAY,true,Not required,false,a2hQz000000UAsVIAW,Client action ISA,a2YQz000000sESdMAM,SSISA_HUBWISE,a24Qz0000052dx4IAA,CLIENT_ACTION,CLIENT_ACTION,CLIENT_ACTION_ISA,Not required,{nsaction} - {destinationprovider} ISA
Not required,Not required,0121t0000001l9AAAQ,0121t0000001l9AAAQ,true,Not required,false,a2hQz000000UAsWIAW,Client action JISA,a2YQz000000sESeMAM,JISA_HUBWISE,a24Qz0000052dx4IAA,CLIENT_ACTION,CLIENT_ACTION,CLIENT_ACTION_JISA,Not required,{nsaction} - {destinationprovider} JISA
Not required,Not required,0124J000000d1BjQAI,0124J000000d1BjQAI,true,Not required,false,a2hQz000000UAsXIAW,Client action JSIPP,a2YQz000000sESbMAM,JSIPP_HUBWISE,a24Qz0000052dx4IAA,CLIENT_ACTION,CLIENT_ACTION,CLIENT_ACTION_JSIPP,Not required,{nsaction} - {destinationprovider} JSIPP
Not required,Not required,0121t0000001ePeAAI,0121t0000001ePeAAI,true,Not required,false,a2hQz000000UAsYIAW,Client action GIA,a2YQz000000sESfMAM,GIA_HUBWISE,a24Qz0000052dx4IAA,CLIENT_ACTION,CLIENT_ACTION,CLIENT_ACTION_GIA,Not required,{nsaction} - {destinationprovider} GIA
Not required,Not required,0121t0000001eN1AAI,0121t0000001eN1AAI,true,Not required,false,a2hQz000000UAsZIAW,Client action Cash ISA,,,a24Qz0000052dx4IAA,CLIENT_ACTION,CLIENT_ACTION,CLIENT_ACTION_CASH_ISA,Not required,{nsaction} - {destinationprovider} Cash ISA
Not required,Not required,0121t0000001ePyAAI,0121t0000001ePyAAI,true,Not required,false,a2hQz000000UAsaIAG,Client action Direct equity,a2YQz000000sESfMAM,GIA_HUBWISE,a24Qz0000052dx4IAA,CLIENT_ACTION,CLIENT_ACTION,CLIENT_ACTION_DIRECT_EQUITY,Not required,{nsaction} - {destinationprovider} Direct equity
Not required,Not required,0121t0000001eMjAAI,0121t0000001eMjAAI,true,Not required,false,a2hQz000000UAsbIAG,Client action Offshore bond,,,a24Qz0000052dx4IAA,CLIENT_ACTION,CLIENT_ACTION,CLIENT_ACTION_OFFSHORE_BOND,Not required,{nsaction} - {destinationprovider} Offshore bond
Not required,Not required,0124J000000czpjQAA,0124J000000czpjQAA,true,Not required,false,a2hQz000000UAscIAG,Client action Premium bond,,,a24Qz0000052dx4IAA,CLIENT_ACTION,CLIENT_ACTION,CLIENT_ACTION_PREMIUM_BOND,Not required,{nsaction} - {destinationprovider} Premium bond
Not required,Not required,0121t0000001eQuAAI,0121t0000001eQuAAI,true,Not required,false,a2hQz000000UAsdIAG,Client action DB Pension,,,a24Qz0000052dx4IAA,CLIENT_ACTION,CLIENT_ACTION,CLIENT_ACTION_DB_PENSION,Not required,{nsaction} - {destinationprovider} DB Pension
Not required,Not required,0121t0000001eO9AAI,0121t0000001eO9AAI,true,Not required,false,a2hQz000000UAseIAG,Client action VCT,,,a24Qz0000052dx4IAA,CLIENT_ACTION,CLIENT_ACTION,CLIENT_ACTION_VCT,Not required,{nsaction} - {destinationprovider} VCT
Not required,Not required,0121t0000001eObAAI,0121t0000001eObAAI,true,Not required,false,a2hQz000000UAsfIAG,Client action EIS,,,a24Qz0000052dx4IAA,CLIENT_ACTION,CLIENT_ACTION,CLIENT_ACTION_EIS,Not required,{nsaction} - {destinationprovider} EIS
Not required,Not required,0121t0000001eUvAAI,0121t0000001eUvAAI,true,Not required,false,a2hQz000000UAsgIAG,Client action Life cover,,,a24Qz0000052dx4IAA,CLIENT_ACTION,CLIENT_ACTION,CLIENT_ACTION_LIFE_COVER,Not required,{nsaction} - {destinationprovider} Life cover
Not required,Not required,0121t0000001eU7AAI,0121t0000001eU7AAI,true,Not required,false,a2hQz000000UAshIAG,Client action Life & CIC,,,a24Qz0000052dx4IAA,CLIENT_ACTION,CLIENT_ACTION,CLIENT_ACTION_LIFE_&_CIC,Not required,{nsaction} - {destinationprovider} Life & CIC
Not required,Not required,0121t000000MHItAAO,0121t000000MHItAAO,true,Not required,false,a2hQz000000UAsiIAG,Client action Trust,,,a24Qz0000052dx4IAA,CLIENT_ACTION,CLIENT_ACTION,CLIENT_ACTION_TRUST,Not required,{nsaction} - {destinationprovider} Trust
Not required,Not required,,,true,Not required,false,a2hQz000000UAsjIAG,Client action No product,,,a24Qz0000052dx4IAA,CLIENT_ACTION,CLIENT_ACTION,CLIENT_ACTION_NO_PRODUCT,Not required,{nsaction}
Not required,Not required,0121t0000001eRHAAY,0121t0000001eRHAAY,true,Not required,false,a2hQz000000UAskIAG,Non-standard action SIPP,a2YQz000000sEScMAM,SIPP_HUBWISE,a24Qz0000052dx5IAA,NON_STANDARD_ACTION,NON_STANDARD_ACTION,NON-STANDARD_ACTION_SIPP,Not required,{nsaction} - {destinationprovider} SIPP
Not required,Not required,0121t0000001eNHAAY,0121t0000001eNHAAY,true,Not required,false,a2hQz000000UAslIAG,Non-standard action ISA,a2YQz000000sESdMAM,SSISA_HUBWISE,a24Qz0000052dx5IAA,NON_STANDARD_ACTION,NON_STANDARD_ACTION,NON-STANDARD_ACTION_ISA,Not required,{nsaction} - {destinationprovider} ISA
Not required,Not required,0121t0000001l9AAAQ,0121t0000001l9AAAQ,true,Not required,false,a2hQz000000UAsmIAG,Non-standard action JISA,a2YQz000000sESeMAM,JISA_HUBWISE,a24Qz0000052dx5IAA,NON_STANDARD_ACTION,NON_STANDARD_ACTION,NON-STANDARD_ACTION_JISA,Not required,{nsaction} - {destinationprovider} JISA
Not required,Not required,0124J000000d1BjQAI,0124J000000d1BjQAI,true,Not required,false,a2hQz000000UAsnIAG,Non-standard action JSIPP,a2YQz000000sESbMAM,JSIPP_HUBWISE,a24Qz0000052dx5IAA,NON_STANDARD_ACTION,NON_STANDARD_ACTION,NON-STANDARD_ACTION_JSIPP,Not required,{nsaction} - {destinationprovider} JSIPP
Not required,Not required,0121t0000001ePeAAI,0121t0000001ePeAAI,true,Not required,false,a2hQz000000UAsoIAG,Non-standard action GIA,a2YQz000000sESfMAM,GIA_HUBWISE,a24Qz0000052dx5IAA,NON_STANDARD_ACTION,NON_STANDARD_ACTION,NON-STANDARD_ACTION_GIA,Not required,{nsaction} - {destinationprovider} GIA
Not required,Not required,0121t0000001eN1AAI,0121t0000001eN1AAI,true,Not required,false,a2hQz000000UAspIAG,Non-standard action Cash ISA,,,a24Qz0000052dx5IAA,NON_STANDARD_ACTION,NON_STANDARD_ACTION,NON-STANDARD_ACTION_CASH_ISA,Not required,{nsaction} - {destinationprovider} Cash ISA
Not required,Not required,0121t0000001ePyAAI,0121t0000001ePyAAI,true,Not required,false,a2hQz000000UAsqIAG,Non-standard action Direct equity,,,a24Qz0000052dx5IAA,NON_STANDARD_ACTION,NON_STANDARD_ACTION,NON-STANDARD_ACTION_DIRECT_EQUITY,Not required,{nsaction} - {destinationprovider} Direct equity
Not required,Not required,0121t0000001eMjAAI,0121t0000001eMjAAI,true,Not required,false,a2hQz000000UAsrIAG,Non-standard action Offshore bond,,,a24Qz0000052dx5IAA,NON_STANDARD_ACTION,NON_STANDARD_ACTION,NON-STANDARD_ACTION_OFFSHORE_BOND,Not required,{nsaction} - {destinationprovider} Offshore bond
Not required,Not required,0124J000000czpjQAA,0124J000000czpjQAA,true,Not required,false,a2hQz000000UAssIAG,Non-standard action Premium bond,,,a24Qz0000052dx5IAA,NON_STANDARD_ACTION,NON_STANDARD_ACTION,NON-STANDARD_ACTION_PREMIUM_BOND,Not required,{nsaction} - {destinationprovider} Premium bond
Not required,Not required,0121t0000001eQuAAI,0121t0000001eQuAAI,true,Not required,false,a2hQz000000UAstIAG,Non-standard action DB Pension,,,a24Qz0000052dx5IAA,NON_STANDARD_ACTION,NON_STANDARD_ACTION,NON-STANDARD_ACTION_DB_PENSION,Not required,{nsaction} - {destinationprovider} DB Pension
Not required,Not required,0121t0000001eO9AAI,0121t0000001eO9AAI,true,Not required,false,a2hQz000000UAsuIAG,Non-standard action VCT,,,a24Qz0000052dx5IAA,NON_STANDARD_ACTION,NON_STANDARD_ACTION,NON-STANDARD_ACTION_VCT,Not required,{nsaction} - {destinationprovider} VCT
Not required,Not required,0121t0000001eObAAI,0121t0000001eObAAI,true,Not required,false,a2hQz000000UAsvIAG,Non-standard action EIS,,,a24Qz0000052dx5IAA,NON_STANDARD_ACTION,NON_STANDARD_ACTION,NON-STANDARD_ACTION_EIS,Not required,{nsaction} - {destinationprovider} EIS
Not required,Not required,0121t0000001eUvAAI,0121t0000001eUvAAI,true,Not required,false,a2hQz000000UAswIAG,Non-standard action Life cover,,,a24Qz0000052dx5IAA,NON_STANDARD_ACTION,NON_STANDARD_ACTION,NON-STANDARD_ACTION_LIFE_COVER,Not required,{nsaction} - {destinationprovider} Life cover
Not required,Not required,0121t0000001eU7AAI,0121t0000001eU7AAI,true,Not required,false,a2hQz000000UAsxIAG,Non-standard action Life & CIC,,,a24Qz0000052dx5IAA,NON_STANDARD_ACTION,NON_STANDARD_ACTION,NON-STANDARD_ACTION_LIFE_&_CIC,Not required,{nsaction} - {destinationprovider} Life & CIC
Not required,Not required,0121t000000MHItAAO,0121t000000MHItAAO,true,Not required,false,a2hQz000000UAsyIAG,Non-standard action Trust,,,a24Qz0000052dx5IAA,NON_STANDARD_ACTION,NON_STANDARD_ACTION,NON-STANDARD_ACTION_TRUST,Not required,{nsaction} - {destinationprovider} Trust
Not required,Not required,,,true,Not required,false,a2hQz000000UAszIAG,Non-standard action No product,,,a24Qz0000052dx5IAA,NON_STANDARD_ACTION,NON_STANDARD_ACTION,NON-STANDARD_ACTION_NO_PRODUCT,Not required,{nsaction}
Not required,Not required,0121t0000001eRHAAY,0121t0000001eRHAAY,true,Not required,false,a2hQz000000UAt0IAG,Update EoW SIPP,a2YQz000000sEScMAM,SIPP_HUBWISE,a24Qz0000052dx6IAA,UPDATE_EOW,UPDATE_EOW,UPDATE_EOW_SIPP,Not required,Update the beneficiaries for your {destinationprovider} SIPP
Not required,Not required,0121t0000001eRhAAI,0121t0000001eRhAAI,true,Not required,false,a2hQz000000UAt1IAG,Update EoW Personal pension,,,a24Qz0000052dx6IAA,UPDATE_EOW,UPDATE_EOW,UPDATE_EOW_PP,Not required,Update the beneficiaries for your {destinationprovider} Personal pension
Not required,Not required,0121t0000001eSKAAY,0121t0000001eSKAAY,true,Not required,false,a2hQz000000UAt2IAG,Update EoW Stakeholder pension,,,a24Qz0000052dx6IAA,UPDATE_EOW,UPDATE_EOW,UPDATE_EOW_SP,Not required,Update the beneficiaries for your {destinationprovider} Stakeholder pension
Not required,Not required,0121t0000001eTLAAY,0121t0000001eTLAAY,true,Not required,false,a2hQz000000UAt3IAG,Update EoW Scheme pension,,,a24Qz0000052dx6IAA,UPDATE_EOW,UPDATE_EOW,UPDATE_EOW_SCHEME,Not required,Update the beneficiaries for your {destinationprovider} Occupational pension
Not required,Not required,0121t0000001eRRAAY,0121t0000001eRRAAY,true,Not required,false,a2hQz000000UAt4IAG,Update EoW Occupational pension,,,a24Qz0000052dx6IAA,UPDATE_EOW,UPDATE_EOW,UPDATE_EOW_OP,Not required,Update the beneficiaries for your {destinationprovider} Defined benefit pension
Not required,Not required,0121t0000001eQuAAI,0121t0000001eQuAAI,true,Not required,false,a2hQz000000UAt5IAG,Update EoW DB pension,,,a24Qz0000052dx6IAA,UPDATE_EOW,UPDATE_EOW,UPDATE_EOW_DB,Not required,Update the beneficiaries for your {destinationprovider} SIPP
,Not required,0121t0000001eSFAAY,0121t0000001eSFAAY,true,Not required,false,a2hQz000000UAt6IAG,Update EoW GPP,,,a24Qz0000052dx6IAA,UPDATE_EOW,,UPDATE_EOW_GPP,Not required,Update the beneficiaries for your {destinationprovider} Group Personal pension
,Not required,0121t0000001eRhAAI,0121t0000001eRhAAI,true,Not required,false,a2hQz000000UAt7IAG,Cancel regular personal pension,a2YQz000000sEScMAM,SIPP_HUBWISE,a24Qz0000052dwwIAA,CANCEL_EXISTING_REGULAR,,CANCEL_REGULAR_PP,Not required,Cancellation of your regular
,Not required,0121t0000001eSFAAY,0121t0000001eSFAAY,true,Not required,false,a2hQz000000UAt8IAG,Client action GPP,,,a24Qz0000052dx4IAA,CLIENT_ACTION,,CLIENT_ACTION_GPP,Not required,{nsaction} - {destinationprovider} GPP
Not required,Not required,0121t0000001eO9AAI,0121t0000001eO9AAI,true,Not required,false,a2hQz000000UAt9IAG,Open product Apollo VCT,a2YQz000000sESgMAM,VCT_APOLLO_OI,a24Qz0000052dwvIAA,OPEN_PRODUCT,,OPEN_PRODUCT_VCT_APOLLO,Not required,
Not required,Not required,0121t0000001eO9AAI,0121t0000001eO9AAI,true,Not required,false,a2hQz000000UAtAIAW,Open product Titan VCT,a2YQz000000sEShMAM,VCT_TITAN_OI,a24Qz0000052dwvIAA,OPEN_PRODUCT,,OPEN_PRODUCT_VCT_TITAN,Not required,
Not required,Not required,0121t0000001eO9AAI,0121t0000001eO9AAI,true,Not required,false,a2hQz000000UAtBIAW,Open product AIM VCT,a2YQz000000sESjMAM,AIM_OI_VCT,a24Qz0000052dwvIAA,OPEN_PRODUCT,,OPEN_PRODUCT_VCT_AIM,Not required,
Not required,Not required,0121t0000001eO9AAI,0121t0000001eO9AAI,true,Not required,false,a2hQz000000UAtCIAW,Open product Future generations VCT,a2YQz000000sESkMAM,FG_OI_VCT,a24Qz0000052dwvIAA,OPEN_PRODUCT,,OPEN_PRODUCT_VCT_FG,Not required,
Not required,Not required,0121t0000001eO9AAI,0121t0000001eO9AAI,false,Not required,false,a2hQz000000UAtDIAW,Lump sum Apollo VCT,a2YQz000000sESgMAM,VCT_APOLLO_OI,a24Qz0000052dwtIAA,LUMP_SUM,,LUMP_SUM_VCT_APOLLO,Not required,Lump sum to your new VCT
Not required,Not required,0121t0000001eO9AAI,0121t0000001eO9AAI,false,Not required,false,a2hQz000000UAtEIAW,Lump sum Titan VCT,a2YQz000000sEShMAM,VCT_TITAN_OI,a24Qz0000052dwtIAA,LUMP_SUM,,LUMP_SUM_VCT_TITAN,Not required,Lump sum to your new VCT
Not required,Not required,0121t0000001eO9AAI,0121t0000001eO9AAI,false,Not required,false,a2hQz000000UAtFIAW,Lump sum AIM VCT,a2YQz000000sESjMAM,AIM_OI_VCT,a24Qz0000052dwtIAA,LUMP_SUM,,LUMP_SUM_VCT_AIM,Not required,Lump sum to your new VCT
Not required,Not required,0121t0000001eO9AAI,0121t0000001eO9AAI,false,Not required,false,a2hQz000000UAtGIAW,Lump sum Future generations VCT,a2YQz000000sESkMAM,FG_OI_VCT,a24Qz0000052dwtIAA,LUMP_SUM,,LUMP_SUM_VCT_FG,Not required,Lump sum to your new VCT
Not required,Not required,012Sl0000003lgjIAA,012Sl0000003lgjIAA,true,Not required,false,a2hQz000000UAtHIAW,Open LV Relevant Life Cover,a2YQz000000sESnMAM,LV_RELEVANT_LIFE,a24Qz0000052dwvIAA,OPEN_PRODUCT,,OPEN_LV_RELEVANT_LIFE_COVER,Not required,
Not required,Not required,0124J000000cvmJQAQ,0124J000000cvmJQAQ,true,Not required,false,a2hQz000000UAtIIAW,Open LV Family Income Benefit,a2YQz000000sESmMAM,LV_FIB,a24Qz0000052dwvIAA,OPEN_PRODUCT,,OPEN_LV_FAMILY_INCOME_BENEFIT,Not required,
Not required,Not required,0121t0000001eUvAAI,0121t0000001eUvAAI,true,Not required,false,a2hQz000000UAtJIAW,Open LV Life Cover,a2YQz000000sESlMAM,LV_SINGLE_LIFE_COVER,a24Qz0000052dwvIAA,OPEN_PRODUCT,,OPEN_LV_LIFE_COVER,Not required,
Not required,Not required,0121t0000001eUZAAY,0121t0000001eUZAAY,true,Not required,false,a2hQz000000UAtKIAW,Open LV Income Protection,a2YQz000000sESoMAM,LV_INCOME_PROTECTION,a24Qz0000052dwvIAA,OPEN_PRODUCT,,OPEN_LV_INCOME_PROTECTION,Not required,
Not required,Not required,0121t0000001eU7AAI,0121t0000001eU7AAI,true,Not required,false,a2hQz000000UAtLIAW,Open LV Life & CIC,a2YQz000000sESpMAM,LV_LIFE_CIC,a24Qz0000052dwvIAA,OPEN_PRODUCT,,OPEN_LV_LIFE_CIC,Not required,
Not required,Not required,012Sl0000003lgjIAA,012Sl0000003lgjIAA,true,Not required,false,a2hQz000000UAtMIAW,Cancel Relevant Life Cover,a2YQz000000sESnMAM,LV_RELEVANT_LIFE,a24Qz0000052dx7IAA,CANCEL_PROTECTION,,CANCEL_RELEVANT_LIFE_COVER,Not required,
Not required,Not required,0124J000000cvmJQAQ,0124J000000cvmJQAQ,true,Not required,false,a2hQz000000UAtNIAW,Cancel Family Income Benefit,a2YQz000000sESmMAM,LV_FIB,a24Qz0000052dx7IAA,CANCEL_PROTECTION,,CANCEL_FAMILY_INCOME_BENEFIT,Not required,
Not required,Not required,0121t0000001eUvAAI,0121t0000001eUvAAI,true,Not required,false,a2hQz000000UAtOIAW,Cancel Life Cover,a2YQz000000sESlMAM,LV_SINGLE_LIFE_COVER,a24Qz0000052dx7IAA,CANCEL_PROTECTION,,CANCEL_LIFE_COVER,Not required,
Not required,Not required,0121t0000001eUZAAY,0121t0000001eUZAAY,true,Not required,false,a2hQz000000UAtPIAW,Cancel Income Protection,a2YQz000000sESoMAM,LV_INCOME_PROTECTION,a24Qz0000052dx7IAA,CANCEL_PROTECTION,,CANCEL_INCOME_PROTECTION,Not required,
Not required,Not required,0121t0000001eU7AAI,0121t0000001eU7AAI,true,Not required,false,a2hQz000000UAtQIAW,Cancel Life & CIC,a2YQz000000sESpMAM,LV_LIFE_CIC,a24Qz0000052dx7IAA,CANCEL_PROTECTION,,CANCEL_LIFE_CIC,Not required,
Required,Not required,,,true,Not required,false,a2hQz000000UAtRIAW,Set up provider trust,,,a24Qz0000052dx8IAA,PROVIDER_TRUST,,PROVIDER_TRUST,Not required,
Not required,Required,012Sl0000003lgjIAA,012Sl0000003lgjIAA,true,Not required,false,a2hQz000000UAtSIAW,Open AIG Relevant Life Cover,a2YQz000000sESsMAM,AIG_RELEVANT_LIFE,a24Qz0000052dwvIAA,OPEN_PRODUCT,,OPEN_AIG_RELEVANT_LIFE_COVER,Not required,
Not required,Not required,0124J000000cvmJQAQ,0124J000000cvmJQAQ,true,Not required,false,a2hQz000000UAtTIAW,Open AIG Family Income Benefit,a2YQz000000sESrMAM,AIG_FIB,a24Qz0000052dwvIAA,OPEN_PRODUCT,,OPEN_AIG_FAMILY_INCOME_BENEFIT,Not required,
Not required,Not required,0121t0000001eUvAAI,0121t0000001eUvAAI,true,Not required,false,a2hQz000000UAtUIAW,Open AIG Life Cover,a2YQz000000sESqMAM,AIG_SINGLE_LIFE_COVER,a24Qz0000052dwvIAA,OPEN_PRODUCT,,OPEN_AIG_LIFE_COVER,Not required,
Not required,Not required,0121t0000001eUZAAY,0121t0000001eUZAAY,true,Not required,false,a2hQz000000UAtVIAW,Open AIG Income Protection,a2YQz000000sEStMAM,AIG_INCOME_PROTECTION,a24Qz0000052dwvIAA,OPEN_PRODUCT,,OPEN_AIG_INCOME_PROTECTION,Not required,
Not required,Not required,0121t0000001eU7AAI,0121t0000001eU7AAI,true,Not required,false,a2hQz000000UAtWIAW,Open AIG Life & CIC,a2YQz000000sESuMAM,AIG_LIFE_CIC,a24Qz0000052dwvIAA,OPEN_PRODUCT,,OPEN_AIG_LIFE_CIC,Not required,
Not required,Not required,012Sl0000003lgjIAA,012Sl0000003lgjIAA,true,Not required,false,a2hQz000000UAtXIAW,Cancel Relevant Life Cover,a2YQz000000sESsMAM,AIG_RELEVANT_LIFE,a24Qz0000052dx7IAA,CANCEL_PROTECTION,,CANCEL_RELEVANT_LIFE_COVER_AIG,Not required,
Not required,Not required,0124J000000cvmJQAQ,0124J000000cvmJQAQ,true,Not required,false,a2hQz000000UAtYIAW,Cancel Family Income Benefit,a2YQz000000sESrMAM,AIG_FIB,a24Qz0000052dx7IAA,CANCEL_PROTECTION,,CANCEL_FAMILY_INCOME_BENEFIT_AIG,Not required,
Not required,Not required,0121t0000001eUvAAI,0121t0000001eUvAAI,true,Not required,false,a2hQz000000UAtZIAW,Cancel Life Cover,a2YQz000000sESqMAM,AIG_SINGLE_LIFE_COVER,a24Qz0000052dx7IAA,CANCEL_PROTECTION,,CANCEL_LIFE_COVER_AIG,Not required,
Not required,Not required,0121t0000001eUZAAY,0121t0000001eUZAAY,true,Not required,false,a2hQz000000UAtaIAG,Cancel Income Protection,a2YQz000000sEStMAM,AIG_INCOME_PROTECTION,a24Qz0000052dx7IAA,CANCEL_PROTECTION,,CANCEL_INCOME_PROTECTION_AIG,Not required,
Not required,Not required,0121t0000001eU7AAI,0121t0000001eU7AAI,true,Not required,false,a2hQz000000UAtbIAG,Cancel Life & CIC,a2YQz000000sESuMAM,AIG_LIFE_CIC,a24Qz0000052dx7IAA,CANCEL_PROTECTION,,CANCEL_LIFE_CIC_AIG,Not required,
Not required,Not required,0124J000000cvmJQAQ,0124J000000cvmJQAQ,true,Not required,false,a2hQz000000UAtcIAG,Open Aviva Family Income Benefit,a2YQz000000sESwMAM,AVIVA_FIB,a24Qz0000052dwvIAA,OPEN_PRODUCT,,OPEN_AVIVA_FAMILY_INCOME_BENEFIT,Not required,
Not required,Not required,0121t0000001eUZAAY,0121t0000001eUZAAY,true,Not required,false,a2hQz000000UAtdIAG,Open Aviva Income Protection,a2YQz000000sESyMAM,AVIVA_INCOME_PROTECTION,a24Qz0000052dwvIAA,OPEN_PRODUCT,,OPEN_AVIVA_INCOME_PROTECTION,Not required,
Not required,Not required,0121t0000001eU7AAI,0121t0000001eU7AAI,true,Not required,false,a2hQz000000UAteIAG,Open Aviva Life & CIC,a2YQz000000sESzMAM,AVIVA_LIFE_&_CIC,a24Qz0000052dwvIAA,OPEN_PRODUCT,,OPEN_AVIVA_LIFE_&_CIC,Not required,
Not required,Not required,0121t0000001eUvAAI,0121t0000001eUvAAI,true,Not required,false,a2hQz000000UAtfIAG,Open Aviva Life Cover,a2YQz000000sESvMAM,AVIVA_SINGLE_LIFE_COVER,a24Qz0000052dwvIAA,OPEN_PRODUCT,,OPEN_AVIVA_LIFE_COVER,Not required,
Not required,Not required,012Sl0000003lgjIAA,012Sl0000003lgjIAA,true,Not required,false,a2hQz000000UAtgIAG,Open Aviva Relevant Life Cover,a2YQz000000sESxMAM,AVIVA_RELEVANT_LIFE_COVER,a24Qz0000052dwvIAA,OPEN_PRODUCT,,OPEN_AVIVA_RELEVANT_LIFE_COVER,Not required,
Not required,Not required,0124J000000cvmJQAQ,0124J000000cvmJQAQ,true,Not required,false,a2hQz000000UAthIAG,Open Royal London Family Income Benefit,a2YQz000000sET1MAM,ROYAL_LONDON_FIB,a24Qz0000052dwvIAA,OPEN_PRODUCT,,OPEN_ROYAL_LONDON_FAMILY_INCOME_BENEFIT,Not required,
Not required,Not required,0121t0000001eUZAAY,0121t0000001eUZAAY,true,Not required,false,a2hQz000000UAtiIAG,Open Royal London Income Protection,a2YQz000000sET3MAM,ROYAL_LONDON_INCOME_PROTECTION,a24Qz0000052dwvIAA,OPEN_PRODUCT,,OPEN_ROYAL_LONDON_INCOME_PROTECTION,Not required,
Not required,Not required,0121t0000001eU7AAI,0121t0000001eU7AAI,true,Not required,false,a2hQz000000UAtjIAG,Open Royal London Life & CIC,a2YQz000000sET4MAM,ROYAL_LONDON_LIFE_&_CIC,a24Qz0000052dwvIAA,OPEN_PRODUCT,,OPEN_ROYAL_LONDON_LIFE_&_CIC,Not required,
Not required,Not required,0121t0000001eUvAAI,0121t0000001eUvAAI,true,Not required,false,a2hQz000000UAtkIAG,Open Royal London Life Cover,a2YQz000000sET0MAM,ROYAL_LONDON_SINGLE_LIFE_COVER,a24Qz0000052dwvIAA,OPEN_PRODUCT,,OPEN_ROYAL_LONDON_LIFE_COVER,Not required,
Not required,Not required,012Sl0000003lgjIAA,012Sl0000003lgjIAA,true,Not required,false,a2hQz000000UAtlIAG,Open Royal London Relevant Life Cover,a2YQz000000sET2MAM,ROYAL_LONDON_RELEVANT_LIFE_COVER,a24Qz0000052dwvIAA,OPEN_PRODUCT,,OPEN_ROYAL_LONDON_RELEVANT_LIFE_COVER,Not required,
Not required,Not required,,,true,Not required,false,a2hQz000000UAtmIAG,Open product Exeter Income protection,a2YQz000000sET5MAM,THE_EXETER_IP,a24Qz0000052dwvIAA,OPEN_PRODUCT,OPEN_PRODUCT,OPEN_PRODUCT_EXETER_IP,Not required,
Not required,Not required,,,true,Not required,false,a2hQz000000UAtnIAG,Open product Exeter Life cover,a2YQz000000sET6MAM,THE_EXETER_LIFE,a24Qz0000052dwvIAA,OPEN_PRODUCT,OPEN_PRODUCT,OPEN_PRODUCT_EXETER_LIFE_COVER,Not required,
