AdditionalAmlRequirement__c,AdditionalBankDetails__c,DestinationProductRecordType__c,DestinationProductType__c,ExcludeFromUpdate__c,ExpressionOfWishFormRequirement__c,FormsRequired__c,Id,Name,Product__c,RecommendationType__c,ReferenceName__c,TransferFormsRequirement__c,UpdateEmailHeadline__c
Required,Required,0121t0000001eRHAAY,0121t0000001eRHAAY,FALSE,Not required,FALSE,EMPLOYER_LUMP_SUM_SIPP,Employer Lump sum SIPP,SIPP_HUBWISE,LUMP_SUM,EMPLOYER_LUMP_SUM_SIPP,Not required,Employer lump sum to your NOVA SIPP
Required,Required,0121t0000001eRHAAY,0121t0000001eRHAAY,FALSE,Not required,FALSE,EMPLOYER_REGULAR_SIPP,Employer Regular SIPP,SIPP_HUBWISE,REGULAR,EMPLOYER_REGULAR_SIPP,Not required,Employer regular to your NOVA SIPP
Not required,Not required,0121t0000001ePeAAI,0121t0000001ePeAAI,FALSE,Not required,FALSE,EXTERNAL_TRANSFER_GIA,External transfer GIA,GIA_HUBWISE,EXTERNAL_TRANSFER_IN,EXTERNAL_TRANSFER_GIA,Required,{cedingprovider} transfer
Not required,Not required,0121t0000001eNHAAY,0121t0000001eNHAAY,FALSE,Not required,FALSE,EXTERNAL_TRANSFER_ISA,External transfer ISA,SSISA_HUBWISE,EXTERNAL_TRANSFER_IN,EXTERNAL_TRANSFER_ISA,Required,{cedingprovider} ISA transfer
Not required,Not required,0121t0000001l9AAAQ,0121t0000001l9AAAQ,FALSE,Not required,FALSE,EXTERNAL_TRANSFER_JUNIOR_ISA,External transfer Junior ISA,JISA_HUBWISE,EXTERNAL_TRANSFER_IN,EXTERNAL_TRANSFER_JUNIOR_ISA,Required,{cedingprovider} Junior ISA transfer
Not required,Not required,0124J000000d1BjQAI,0124J000000d1BjQAI,FALSE,Not required,FALSE,EXTERNAL_TRANSFER_JUNIOR_SIPP,External transfer Junior SIPP,JSIPP_HUBWISE,EXTERNAL_TRANSFER_IN,EXTERNAL_TRANSFER_JUNIOR_SIPP,Required,{cedingprovider} Junior SIPP transfer
Not required,Not required,0121t0000001eRHAAY,0121t0000001eRHAAY,FALSE,Not required,FALSE,EXTERNAL_TRANSFER_SIPP,External transfer SIPP,SIPP_HUBWISE,EXTERNAL_TRANSFER_IN,EXTERNAL_TRANSFER_SIPP,Required,{cedingprovider} pension transfer
Not required,Not required,0121t0000001ePeAAI,0121t0000001ePeAAI,FALSE,Not required,FALSE,INTERNAL_TRANSFER_GIA,Internal transfer GIA,GIA_HUBWISE,INTERNAL_TRANSFER,INTERNAL_TRANSFER_GIA,Not required,Internal transfer to your NOVA GIA
Not required,Not required,0121t0000001eNHAAY,0121t0000001eNHAAY,FALSE,Not required,FALSE,INTERNAL_TRANSFER_ISA,Internal transfer ISA,SSISA_HUBWISE,INTERNAL_TRANSFER,INTERNAL_TRANSFER_ISA,Not required,Internal transfer from your NOVA GIA to your NOVA ISA
Not required,Not required,0121t0000001l9AAAQ,0121t0000001l9AAAQ,FALSE,Not required,FALSE,INTERNAL_TRANSFER_JUNIOR_ISA,Internal transfer Junior ISA,JISA_HUBWISE,INTERNAL_TRANSFER,INTERNAL_TRANSFER_JUNIOR_ISA,Not required,Internal transfer from your NOVA GIA to your NOVA Junior ISA
Not required,Not required,0124J000000d1BjQAI,0124J000000d1BjQAI,FALSE,Not required,FALSE,INTERNAL_TRANSFER_JUNIOR_SIPP,Internal transfer Junior SIPP,JSIPP_HUBWISE,INTERNAL_TRANSFER,INTERNAL_TRANSFER_JUNIOR_SIPP,Not required,Internal transfer from your NOVA GIA  to your NOVA Junior SIPP
Not required,Not required,0121t0000001eRHAAY,0121t0000001eRHAAY,FALSE,Not required,FALSE,INTERNAL_TRANSFER_SIPP,Internal transfer SIPP,SIPP_HUBWISE,INTERNAL_TRANSFER,INTERNAL_TRANSFER_SIPP,Not required,Internal transfer from your NOVA GIA  to your NOVA SIPP
Not required,Not required,0121t0000001ePeAAI,0121t0000001ePeAAI,FALSE,Not required,FALSE,LUMP_SUM_GIA,Lump sum GIA,GIA_HUBWISE,LUMP_SUM,LUMP_SUM_GIA,Not required,Lump sum to your NOVA GIA
Not required,Not required,0121t0000001eNHAAY,0121t0000001eNHAAY,FALSE,Not required,FALSE,LUMP_SUM_ISA,Lump sum ISA,SSISA_HUBWISE,LUMP_SUM,LUMP_SUM_ISA,Not required,Lump sum to your NOVA ISA
Not required,Not required,0121t0000001l9AAAQ,0121t0000001l9AAAQ,FALSE,Not required,FALSE,LUMP_SUM_JUNIOR_ISA,Lump sum Junior ISA,JISA_HUBWISE,LUMP_SUM,LUMP_SUM_JUNIOR_ISA,Not required,Lump sum to your NOVA Junior ISA
Not required,Not required,0124J000000d1BjQAI,0124J000000d1BjQAI,FALSE,Not required,FALSE,LUMP_SUM_JUNIOR_SIPP,Lump sum Junior SIPP,JSIPP_HUBWISE,LUMP_SUM,LUMP_SUM_JUNIOR_SIPP,Not required,Lump sum to your NOVA Junior SIPP
Not required,Not required,0121t0000001eRHAAY,0121t0000001eRHAAY,FALSE,Not required,FALSE,LUMP_SUM_SIPP,Lump sum SIPP,SIPP_HUBWISE,LUMP_SUM,LUMP_SUM_SIPP,Not required,Lump sum to your NOVA SIPP
Not required,Not required,0121t0000001ePeAAI,0121t0000001ePeAAI,TRUE,Not required,FALSE,OPEN_PRODUCT_GIA,Open product GIA,GIA_HUBWISE,OPEN_PRODUCT,OPEN_PRODUCT_GIA,Not required,
Not required,Not required,0121t0000001eNHAAY,0121t0000001eNHAAY,TRUE,Not required,FALSE,OPEN_PRODUCT_ISA,Open product ISA,SSISA_HUBWISE,OPEN_PRODUCT,OPEN_PRODUCT_ISA,Not required,
Not required,Not required,0121t0000001l9AAAQ,0121t0000001l9AAAQ,TRUE,Not required,FALSE,OPEN_PRODUCT_JUNIOR_ISA,Open product Junior ISA,JISA_HUBWISE,OPEN_PRODUCT,OPEN_PRODUCT_JUNIOR_ISA,Not required,
Not required,Not required,0124J000000d1BjQAI,0124J000000d1BjQAI,TRUE,Required,FALSE,OPEN_PRODUCT_JUNIOR_SIPP,Open product Junior SIPP,JSIPP_HUBWISE,OPEN_PRODUCT,OPEN_PRODUCT_JUNIOR_SIPP,Not required,
Not required,Not required,0121t0000001eRHAAY,0121t0000001eRHAAY,TRUE,Required,FALSE,OPEN_PRODUCT_SIPP,Open product SIPP,SIPP_HUBWISE,OPEN_PRODUCT,OPEN_PRODUCT_SIPP,Not required,
Not required,Not required,0121t0000001ePeAAI,0121t0000001ePeAAI,TRUE,Not required,FALSE,REBALANCE_GIA,Rebalance GIA,GIA_HUBWISE,REBALANCE,REBALANCE_GIA,Not required,Rebalance to your NOVA GIA
Not required,Not required,0121t0000001eNHAAY,0121t0000001eNHAAY,TRUE,Not required,FALSE,REBALANCE_ISA,Rebalance ISA,SSISA_HUBWISE,REBALANCE,REBALANCE_ISA,Not required,Rebalance to your NOVA ISA
Not required,Not required,0121t0000001l9AAAQ,0121t0000001l9AAAQ,TRUE,Not required,FALSE,REBALANCE_JUNIOR_ISA,Rebalance Junior ISA,JISA_HUBWISE,REBALANCE,REBALANCE_JUNIOR_ISA,Not required,Rebalance to your NOVA Junior ISA
Not required,Not required,0124J000000d1BjQAI,0124J000000d1BjQAI,TRUE,Not required,FALSE,REBALANCE_JUNIOR_SIPP,Rebalance Junior SIPP,JSIPP_HUBWISE,REBALANCE,REBALANCE_JUNIOR_SIPP,Not required,Rebalance to your NOVA Junior SIPP
Not required,Not required,0121t0000001eRHAAY,0121t0000001eRHAAY,TRUE,Not required,FALSE,REBALANCE_SIPP,Rebalance SIPP,SIPP_HUBWISE,REBALANCE,REBALANCE_SIPP,Not required,Rebalance to your NOVA SIPP
Not required,Not required,0121t0000001ePeAAI,0121t0000001ePeAAI,FALSE,Not required,FALSE,REGULAR_GIA,Regular GIA,GIA_HUBWISE,REGULAR,REGULAR_GIA,Not required,Regular to your NOVA GIA
Not required,Not required,0121t0000001eNHAAY,0121t0000001eNHAAY,FALSE,Not required,FALSE,REGULAR_ISA,Regular ISA,SSISA_HUBWISE,REGULAR,REGULAR_ISA,Not required,Regular to your NOVA ISA
Not required,Not required,0121t0000001l9AAAQ,0121t0000001l9AAAQ,FALSE,Not required,FALSE,REGULAR_JUNIOR_ISA,Regular Junior ISA,JISA_HUBWISE,REGULAR,REGULAR_JUNIOR_ISA,Not required,Regular to your NOVA Junior ISA
Not required,Not required,0124J000000d1BjQAI,0124J000000d1BjQAI,FALSE,Not required,FALSE,REGULAR_JUNIOR_SIPP,Regular Junior SIPP,JSIPP_HUBWISE,REGULAR,REGULAR_JUNIOR_SIPP,Not required,Regular to your NOVA Junior SIP
Not required,Not required,0121t0000001eRHAAY,0121t0000001eRHAAY,FALSE,Not required,FALSE,REGULAR_SIPP,Regular SIPP,SIPP_HUBWISE,REGULAR,REGULAR_SIPP,Not required,Regular to your NOVA SIPP
Not required,Not required,0121t0000001ePeAAI,0121t0000001ePeAAI,TRUE,Not required,FALSE,SWITCH_GIA,Switch GIA,GIA_HUBWISE,PORTFOLIO_SWITCH,SWITCH_GIA,Not required,Portfolio switch for your NOVA GIA
Not required,Not required,0121t0000001eNHAAY,0121t0000001eNHAAY,TRUE,Not required,FALSE,SWITCH_ISA,Switch ISA,SSISA_HUBWISE,PORTFOLIO_SWITCH,SWITCH_ISA,Not required,Portfolio switch for your NOVA ISA
Not required,Not required,0121t0000001l9AAAQ,0121t0000001l9AAAQ,TRUE,Not required,FALSE,SWITCH_JUNIOR_ISA,Switch Junior ISA,JISA_HUBWISE,PORTFOLIO_SWITCH,SWITCH_JUNIOR_ISA,Not required,Portfolio switch for your NOVA Junior ISA
Not required,Not required,0124J000000d1BjQAI,0124J000000d1BjQAI,TRUE,Not required,FALSE,SWITCH_JUNIOR_SIPP,Switch Junior SIPP,JSIPP_HUBWISE,PORTFOLIO_SWITCH,SWITCH_JUNIOR_SIPP,Not required,Portfolio switch for your NOVA Junior SIPP
Not required,Not required,0121t0000001eRHAAY,0121t0000001eRHAAY,TRUE,Not required,FALSE,SWITCH_SIPP,Switch SIPP,SIPP_HUBWISE,PORTFOLIO_SWITCH,SWITCH_SIPP,Not required,Portfolio switch for your NOVA SIPP
Not required,Not required,0121t0000001ePeAAI,0121t0000001ePeAAI,FALSE,Not required,FALSE,CANCEL_REGULAR_GIA,Cancel regular GIA,GIA_HUBWISE,CANCEL_EXISTING_REGULAR,CANCEL_REGULAR_GIA,Not required,Cancellation of your regular
Not required,Not required,0121t0000001eNHAAY,0121t0000001eNHAAY,FALSE,Not required,FALSE,CANCEL_REGULAR_ISA,Cancel regular ISA,SSISA_HUBWISE,CANCEL_EXISTING_REGULAR,CANCEL_REGULAR_ISA,Not required,Cancellation of your regular
Not required,Not required,0121t0000001l9AAAQ,0121t0000001l9AAAQ,FALSE,Not required,FALSE,CANCEL_REGULAR_JUNIOR_ISA,Cancel regular Junior ISA,JISA_HUBWISE,CANCEL_EXISTING_REGULAR,CANCEL_REGULAR_JUNIOR_ISA,Not required,Cancellation of your regular
Not required,Not required,0124J000000d1BjQAI,0124J000000d1BjQAI,FALSE,Not required,FALSE,CANCEL_REGULAR_JUNIOR_SIPP,Cancel regular Junior SIPP,JSIPP_HUBWISE,CANCEL_EXISTING_REGULAR,CANCEL_REGULAR_JUNIOR_SIPP,Not required,Cancellation of your regular
Not required,Not required,0121t0000001eRHAAY,0121t0000001eRHAAY,FALSE,Not required,FALSE,CANCEL_REGULAR_SIPP,Cancel regular SIPP,SIPP_HUBWISE,CANCEL_EXISTING_REGULAR,CANCEL_REGULAR_SIPP,Not required,Cancellation of your regular
Not required,Not required,0121t0000001ePeAAI,0121t0000001ePeAAI,FALSE,Not required,FALSE,CHANGE_TO_REGULAR_GIA,Change to regular GIA,GIA_HUBWISE,CHANGE_EXISTING_REGULAR,CHANGE_TO_REGULAR_GIA,Not required,Change to your regular
Not required,Not required,0121t0000001eNHAAY,0121t0000001eNHAAY,FALSE,Not required,FALSE,CHANGE_TO_REGULAR_ISA,Change to regular ISA,SSISA_HUBWISE,CHANGE_EXISTING_REGULAR,CHANGE_TO_REGULAR_ISA,Not required,Change to your regular
Not required,Not required,0121t0000001l9AAAQ,0121t0000001l9AAAQ,FALSE,Not required,FALSE,CHANGE_TO_REGULAR_JUNIOR_ISA,Change to regular Junior ISA,JISA_HUBWISE,CHANGE_EXISTING_REGULAR,CHANGE_TO_REGULAR_JUNIOR_ISA,Not required,Change to your regular
Not required,Not required,0124J000000d1BjQAI,0124J000000d1BjQAI,FALSE,Not required,FALSE,CHANGE_TO_REGULAR_JUNIOR_SIPP,Change to regular Junior SIPP,JSIPP_HUBWISE,CHANGE_EXISTING_REGULAR,CHANGE_TO_REGULAR_JUNIOR_SIPP,Not required,Change to your regular
Not required,Not required,0121t0000001eRHAAY,0121t0000001eRHAAY,FALSE,Not required,FALSE,CHANGE_TO_REGULAR_SIPP,Change to regular SIPP,SIPP_HUBWISE,CHANGE_EXISTING_REGULAR,CHANGE_TO_REGULAR_SIPP,Not required,Change to your regular
Not required,Not required,0121t0000001ePeAAI,0121t0000001ePeAAI,TRUE,Not required,FALSE,LUMP_SUM_WITHDRAWAL_GIA,Lump sum withdrawal GIA,GIA_HUBWISE,LUMP_SUM_WITHDRAWAL,LUMP_SUM_WITHDRAWAL_GIA,Not required,
Not required,Not required,0121t0000001eNHAAY,0121t0000001eNHAAY,TRUE,Not required,FALSE,LUMP_SUM_WITHDRAWAL_ISA,Lump sum withdrawal ISA,SSISA_HUBWISE,LUMP_SUM_WITHDRAWAL,LUMP_SUM_WITHDRAWAL_ISA,Not required,
Not required,Not required,0121t0000001ePeAAI,0121t0000001ePeAAI,TRUE,Not required,FALSE,REGULAR_WITHDRAWAL_GIA,Regular withdrawal GIA,GIA_HUBWISE,REGULAR_WITHDRAWAL,REGULAR_WITHDRAWAL_GIA,Not required,
Not required,Not required,0121t0000001eRHAAY,0121t0000001eRHAAY,TRUE,Not required,FALSE,LUMP_SUM_WITHDRAWAL_SIPP,Lump sum withdrawal SIPP,SIPP_HUBWISE,LUMP_SUM_WITHDRAWAL,LUMP_SUM_WITHDRAWAL_SIPP,Not required,
Not required,Not required,0121t0000001eNHAAY,0121t0000001eNHAAY,TRUE,Not required,FALSE,REGULAR_WITHDRAWAL_ISA,Regular withdrawal ISA,SSISA_HUBWISE,REGULAR_WITHDRAWAL,REGULAR_WITHDRAWAL_ISA,Not required,
Not required,Not required,0121t0000001eRHAAY,0121t0000001eRHAAY,TRUE,Not required,FALSE,REGULAR_WITHDRAWAL_SIPP,Regular withdrawal SIPP,SIPP_HUBWISE,REGULAR_WITHDRAWAL,REGULAR_WITHDRAWAL_SIPP,Not required,
,Not required,0121t0000001eO9AAI,0121t0000001eO9AAI,TRUE,Not required,FALSE,OPEN_PRODUCT_VCT,Open product VCT,,OPEN_PRODUCT,OPEN_PRODUCT_VCT,Not required,
Not required,Not required,0121t0000001eObAAI,0121t0000001eObAAI,TRUE,Not required,FALSE,OPEN_PRODUCT_EIS,Open product Knowledge Intensive EIS,KI_OI_EIS,OPEN_PRODUCT,OPEN_PRODUCT_EIS,Not required,
Not required,Not required,0121t0000001eObAAI,0121t0000001eObAAI,FALSE,Not required,FALSE,LUMP_SUM_EIS,Lump sum Knowledge Intensive EIS,KI_OI_EIS,LUMP_SUM,LUMP_SUM_EIS,Not required,Lump sum to your new EIS
,Not required,0121t0000001eO9AAI,0121t0000001eO9AAI,FALSE,Not required,FALSE,LUMP_SUM_VCT,Lump sum VCT,,LUMP_SUM,LUMP_SUM_VCT,Not required,Lump sum to your new VCT
Not required,Not required,0121t0000001eRHAAY,0121t0000001eRHAAY,FALSE,Not required,FALSE,CLIENT_ACTION_SIPP,Client action SIPP,SIPP_HUBWISE,CLIENT_ACTION,CLIENT_ACTION_SIPP,Not required,{nsaction} - {destinationprovider} SIPP
Not required,Not required,0121t0000001eNHAAY,0121t0000001eNHAAY,FALSE,Not required,FALSE,CLIENT_ACTION_ISA,Client action ISA,SSISA_HUBWISE,CLIENT_ACTION,CLIENT_ACTION_ISA,Not required,{nsaction} - {destinationprovider} ISA
Not required,Not required,0121t0000001l9AAAQ,0121t0000001l9AAAQ,FALSE,Not required,FALSE,CLIENT_ACTION_JISA,Client action JISA,JISA_HUBWISE,CLIENT_ACTION,CLIENT_ACTION_JISA,Not required,{nsaction} - {destinationprovider} JISA
Not required,Not required,0124J000000d1BjQAI,0124J000000d1BjQAI,FALSE,Not required,FALSE,CLIENT_ACTION_JSIPP,Client action JSIPP,JSIPP_HUBWISE,CLIENT_ACTION,CLIENT_ACTION_JSIPP,Not required,{nsaction} - {destinationprovider} JSIPP
Not required,Not required,0121t0000001ePeAAI,0121t0000001ePeAAI,FALSE,Not required,FALSE,CLIENT_ACTION_GIA,Client action GIA,GIA_HUBWISE,CLIENT_ACTION,CLIENT_ACTION_GIA,Not required,{nsaction} - {destinationprovider} GIA
Not required,Not required,0121t0000001eN1AAI,0121t0000001eN1AAI,FALSE,Not required,FALSE,CLIENT_ACTION_CASH_ISA,Client action Cash ISA,,CLIENT_ACTION,CLIENT_ACTION_CASH_ISA,Not required,{nsaction} - {destinationprovider} Cash ISA
Not required,Not required,0121t0000001ePyAAI,0121t0000001ePyAAI,FALSE,Not required,FALSE,CLIENT_ACTION_DIRECT_EQUITY,Client action Direct equity,,CLIENT_ACTION,CLIENT_ACTION_DIRECT_EQUITY,Not required,{nsaction} - {destinationprovider} Direct equity
Not required,Not required,0121t0000001eMjAAI,0121t0000001eMjAAI,FALSE,Not required,FALSE,CLIENT_ACTION_OFFSHORE_BOND,Client action Offshore bond,,CLIENT_ACTION,CLIENT_ACTION_OFFSHORE_BOND,Not required,{nsaction} - {destinationprovider} Offshore bond
Not required,Not required,0124J000000czpjQAA,0124J000000czpjQAA,FALSE,Not required,FALSE,CLIENT_ACTION_PREMIUM_BOND,Client action Premium bond,,CLIENT_ACTION,CLIENT_ACTION_PREMIUM_BOND,Not required,{nsaction} - {destinationprovider} Premium bond
Not required,Not required,0121t0000001eQuAAI,0121t0000001eQuAAI,FALSE,Not required,FALSE,CLIENT_ACTION_DB_PENSION,Client action DB Pension,,CLIENT_ACTION,CLIENT_ACTION_DB_PENSION,Not required,{nsaction} - {destinationprovider} DB Pension
Not required,Not required,0121t0000001eO9AAI,0121t0000001eO9AAI,FALSE,Not required,FALSE,CLIENT_ACTION_VCT,Client action VCT,,CLIENT_ACTION,CLIENT_ACTION_VCT,Not required,{nsaction} - {destinationprovider} VCT
Not required,Not required,0121t0000001eObAAI,0121t0000001eObAAI,FALSE,Not required,FALSE,CLIENT_ACTION_EIS,Client action EIS,,CLIENT_ACTION,CLIENT_ACTION_EIS,Not required,{nsaction} - {destinationprovider} EIS
Not required,Not required,0121t0000001eUvAAI,0121t0000001eUvAAI,FALSE,Not required,FALSE,CLIENT_ACTION_LIFE_COVER,Client action Life cover,,CLIENT_ACTION,CLIENT_ACTION_LIFE_COVER,Not required,{nsaction} - {destinationprovider} Life cover
Not required,Not required,0121t0000001eU7AAI,0121t0000001eU7AAI,FALSE,Not required,FALSE,CLIENT_ACTION_LIFE_&_CIC,Client action Life & CIC,,CLIENT_ACTION,CLIENT_ACTION_LIFE_&_CIC,Not required,{nsaction} - {destinationprovider} Life & CIC
Not required,Not required,0121t000000MHItAAO,0121t000000MHItAAO,FALSE,Not required,FALSE,CLIENT_ACTION_TRUST,Client action Trust,,CLIENT_ACTION,CLIENT_ACTION_TRUST,Not required,{nsaction} - {destinationprovider} Trust
Not required,Not required,,,FALSE,Not required,FALSE,CLIENT_ACTION_NO_PRODUCT,Client action No product,,CLIENT_ACTION,CLIENT_ACTION_NO_PRODUCT,Not required,{nsaction}
Not required,Not required,0121t0000001eRHAAY,0121t0000001eRHAAY,FALSE,Not required,FALSE,NON-STANDARD_ACTION_SIPP,Non-standard action SIPP,SIPP_HUBWISE,NON_STANDARD_ACTION,NON-STANDARD_ACTION_SIPP,Not required,{nsaction} - {destinationprovider} SIPP
Not required,Not required,0121t0000001eNHAAY,0121t0000001eNHAAY,FALSE,Not required,FALSE,NON-STANDARD_ACTION_ISA,Non-standard action ISA,SSISA_HUBWISE,NON_STANDARD_ACTION,NON-STANDARD_ACTION_ISA,Not required,{nsaction} - {destinationprovider} ISA
Not required,Not required,0121t0000001l9AAAQ,0121t0000001l9AAAQ,FALSE,Not required,FALSE,NON-STANDARD_ACTION_JISA,Non-standard action JISA,JISA_HUBWISE,NON_STANDARD_ACTION,NON-STANDARD_ACTION_JISA,Not required,{nsaction} - {destinationprovider} JISA
Not required,Not required,0124J000000d1BjQAI,0124J000000d1BjQAI,FALSE,Not required,FALSE,NON-STANDARD_ACTION_JSIPP,Non-standard action JSIPP,JSIPP_HUBWISE,NON_STANDARD_ACTION,NON-STANDARD_ACTION_JSIPP,Not required,{nsaction} - {destinationprovider} JSIPP
Not required,Not required,0121t0000001ePeAAI,0121t0000001ePeAAI,FALSE,Not required,FALSE,NON-STANDARD_ACTION_GIA,Non-standard action GIA,GIA_HUBWISE,NON_STANDARD_ACTION,NON-STANDARD_ACTION_GIA,Not required,{nsaction} - {destinationprovider} GIA
Not required,Not required,0121t0000001eN1AAI,0121t0000001eN1AAI,FALSE,Not required,FALSE,NON-STANDARD_ACTION_CASH_ISA,Non-standard action Cash ISA,,NON_STANDARD_ACTION,NON-STANDARD_ACTION_CASH_ISA,Not required,{nsaction} - {destinationprovider} Cash ISA
Not required,Not required,0121t0000001ePyAAI,0121t0000001ePyAAI,FALSE,Not required,FALSE,NON-STANDARD_ACTION_DIRECT_EQUITY,Non-standard action Direct equity,,NON_STANDARD_ACTION,NON-STANDARD_ACTION_DIRECT_EQUITY,Not required,{nsaction} - {destinationprovider} Direct equity
Not required,Not required,0121t0000001eMjAAI,0121t0000001eMjAAI,FALSE,Not required,FALSE,NON-STANDARD_ACTION_OFFSHORE_BOND,Non-standard action Offshore bond,,NON_STANDARD_ACTION,NON-STANDARD_ACTION_OFFSHORE_BOND,Not required,{nsaction} - {destinationprovider} Offshore bond
Not required,Not required,0124J000000czpjQAA,0124J000000czpjQAA,FALSE,Not required,FALSE,NON-STANDARD_ACTION_PREMIUM_BOND,Non-standard action Premium bond,,NON_STANDARD_ACTION,NON-STANDARD_ACTION_PREMIUM_BOND,Not required,{nsaction} - {destinationprovider} Premium bond
Not required,Not required,0121t0000001eQuAAI,0121t0000001eQuAAI,FALSE,Not required,FALSE,NON-STANDARD_ACTION_DB_PENSION,Non-standard action DB Pension,,NON_STANDARD_ACTION,NON-STANDARD_ACTION_DB_PENSION,Not required,{nsaction} - {destinationprovider} DB Pension
Not required,Not required,0121t0000001eO9AAI,0121t0000001eO9AAI,FALSE,Not required,FALSE,NON-STANDARD_ACTION_VCT,Non-standard action VCT,,NON_STANDARD_ACTION,NON-STANDARD_ACTION_VCT,Not required,{nsaction} - {destinationprovider} VCT
Not required,Not required,0121t0000001eObAAI,0121t0000001eObAAI,FALSE,Not required,FALSE,NON-STANDARD_ACTION_EIS,Non-standard action EIS,,NON_STANDARD_ACTION,NON-STANDARD_ACTION_EIS,Not required,{nsaction} - {destinationprovider} EIS
Not required,Not required,0121t0000001eUvAAI,0121t0000001eUvAAI,FALSE,Not required,FALSE,NON-STANDARD_ACTION_LIFE_COVER,Non-standard action Life cover,,NON_STANDARD_ACTION,NON-STANDARD_ACTION_LIFE_COVER,Not required,{nsaction} - {destinationprovider} Life cover
Not required,Not required,0121t0000001eU7AAI,0121t0000001eU7AAI,FALSE,Not required,FALSE,NON-STANDARD_ACTION_LIFE_&_CIC,Non-standard action Life & CIC,,NON_STANDARD_ACTION,NON-STANDARD_ACTION_LIFE_&_CIC,Not required,{nsaction} - {destinationprovider} Life & CIC
Not required,Not required,0121t000000MHItAAO,0121t000000MHItAAO,FALSE,Not required,FALSE,NON-STANDARD_ACTION_TRUST,Non-standard action Trust,,NON_STANDARD_ACTION,NON-STANDARD_ACTION_TRUST,Not required,{nsaction} - {destinationprovider} Trust
Not required,Not required,,,FALSE,Not required,FALSE,NON-STANDARD_ACTION_NO_PRODUCT,Non-standard action No product,,NON_STANDARD_ACTION,NON-STANDARD_ACTION_NO_PRODUCT,Not required,{nsaction}
Not required,Not required,0121t0000001eRHAAY,0121t0000001eRHAAY,FALSE,Not required,FALSE,UPDATE_EOW_SIPP,Update EoW SIPP,SIPP_HUBWISE,UPDATE_EOW,UPDATE_EOW_SIPP,Not required,Update the beneficiaries for your {destinationprovider} SIPP
Not required,Not required,0121t0000001eRhAAI,0121t0000001eRhAAI,FALSE,Not required,FALSE,UPDATE_EOW_PP,Update EoW Personal pension,,UPDATE_EOW,UPDATE_EOW_PP,Not required,Update the beneficiaries for your {destinationprovider} Personal pension
Not required,Not required,0121t0000001eSKAAY,0121t0000001eSKAAY,FALSE,Not required,FALSE,UPDATE_EOW_SP,Update EoW Stakeholder pension,,UPDATE_EOW,UPDATE_EOW_SP,Not required,Update the beneficiaries for your {destinationprovider} Stakeholder pension
Not required,Not required,0121t0000001eTLAAY,0121t0000001eTLAAY,FALSE,Not required,FALSE,UPDATE_EOW_SCHEME,Update EoW Scheme pension,,UPDATE_EOW,UPDATE_EOW_SCHEME,Not required,Update the beneficiaries for your {destinationprovider} Occupational pension
Not required,Not required,0121t0000001eRRAAY,0121t0000001eRRAAY,FALSE,Not required,FALSE,UPDATE_EOW_OP,Update EoW Occupational pension,,UPDATE_EOW,UPDATE_EOW_OP,Not required,Update the beneficiaries for your {destinationprovider} Defined benefit pension
Not required,Not required,0121t0000001eQuAAI,0121t0000001eQuAAI,FALSE,Not required,FALSE,UPDATE_EOW_DB,Update EoW DB pension,,UPDATE_EOW,UPDATE_EOW_DB,Not required,Update the beneficiaries for your {destinationprovider} SIPP
,Not required,0121t0000001eSFAAY,0121t0000001eSFAAY,FALSE,Not required,FALSE,UPDATE_EOW_GPP,Update EoW GPP,,UPDATE_EOW,UPDATE_EOW_GPP,Not required,Update the beneficiaries for your {destinationprovider} Group Personal pension
,Not required,0121t0000001eRhAAI,0121t0000001eRhAAI,FALSE,Not required,FALSE,CANCEL_REGULAR_PP,Cancel regular personal pension,,CANCEL_EXISTING_REGULAR,CANCEL_REGULAR_PP,Not required,Cancellation of your regular
,Not required,0121t0000001eSFAAY,0121t0000001eSFAAY,FALSE,Not required,FALSE,CLIENT_ACTION_GPP,Client action GPP,,CLIENT_ACTION,CLIENT_ACTION_GPP,Not required,{nsaction} - {destinationprovider} GPP
Not required,Not required,0121t0000001eO9AAI,0121t0000001eO9AAI,TRUE,Not required,FALSE,OPEN_PRODUCT_VCT_APOLLO,Open product Apollo VCT,VCT_APOLLO_OI,OPEN_PRODUCT,OPEN_PRODUCT_VCT_APOLLO,Not required,
Not required,Not required,0121t0000001eO9AAI,0121t0000001eO9AAI,TRUE,Not required,FALSE,OPEN_PRODUCT_VCT_TITAN,Open product Titan VCT,VCT_TITAN_OI,OPEN_PRODUCT,OPEN_PRODUCT_VCT_TITAN,Not required,
Not required,Not required,0121t0000001eO9AAI,0121t0000001eO9AAI,TRUE,Not required,FALSE,OPEN_PRODUCT_VCT_AIM,Open product AIM VCT,AIM_OI_VCT,OPEN_PRODUCT,OPEN_PRODUCT_VCT_AIM,Not required,
Not required,Not required,0121t0000001eO9AAI,0121t0000001eO9AAI,TRUE,Not required,FALSE,OPEN_PRODUCT_VCT_FG,Open product Future generations VCT,FG_OI_VCT,OPEN_PRODUCT,OPEN_PRODUCT_VCT_FG,Not required,
Not required,Not required,0121t0000001eO9AAI,0121t0000001eO9AAI,FALSE,Not required,FALSE,LUMP_SUM_VCT_APOLLO,Lump sum Apollo VCT,VCT_APOLLO_OI,LUMP_SUM,LUMP_SUM_VCT_APOLLO,Not required,Lump sum to your new VCT
Not required,Not required,0121t0000001eO9AAI,0121t0000001eO9AAI,FALSE,Not required,FALSE,LUMP_SUM_VCT_TITAN,Lump sum Titan VCT,VCT_TITAN_OI,LUMP_SUM,LUMP_SUM_VCT_TITAN,Not required,Lump sum to your new VCT
Not required,Not required,0121t0000001eO9AAI,0121t0000001eO9AAI,FALSE,Not required,FALSE,LUMP_SUM_VCT_AIM,Lump sum AIM VCT,AIM_OI_VCT,LUMP_SUM,LUMP_SUM_VCT_AIM,Not required,Lump sum to your new VCT
Not required,Not required,0121t0000001eO9AAI,0121t0000001eO9AAI,FALSE,Not required,FALSE,LUMP_SUM_VCT_FG,Lump sum Future generations VCT,FG_OI_VCT,LUMP_SUM,LUMP_SUM_VCT_FG,Not required,Lump sum to your new VCT
Not required,Not required,012Sl0000003lgjIAA,012Sl0000003lgjIAA,TRUE,Not required,FALSE,OPEN_LV_RELEVANT_LIFE_COVER,Open LV Relevant Life Cover,LV_RELEVANT_LIFE,OPEN_PRODUCT,OPEN_LV_RELEVANT_LIFE_COVER,Not required,
Not required,Not required,0124J000000cvmJQAQ,0124J000000cvmJQAQ,TRUE,Not required,FALSE,OPEN_LV_FAMILY_INCOME_BENEFIT,Open LV Family Income Benefit,LV_FIB,OPEN_PRODUCT,OPEN_LV_FAMILY_INCOME_BENEFIT,Not required,
Not required,Not required,0121t0000001eUvAAI,0121t0000001eUvAAI,TRUE,Not required,FALSE,OPEN_LV_LIFE_COVER,Open LV Life Cover,LV_SINGLE_LIFE_COVER,OPEN_PRODUCT,OPEN_LV_LIFE_COVER,Not required,
Not required,Not required,0121t0000001eUZAAY,0121t0000001eUZAAY,TRUE,Not required,FALSE,OPEN_LV_INCOME_PROTECTION,Open LV Income Protection,LV_INCOME_PROTECTION,OPEN_PRODUCT,OPEN_LV_INCOME_PROTECTION,Not required,
Not required,Not required,0121t0000001eU7AAI,0121t0000001eU7AAI,TRUE,Not required,FALSE,OPEN_LV_LIFE_CIC,Open LV Life & CIC,LV_LIFE_CIC,OPEN_PRODUCT,OPEN_LV_LIFE_CIC,Not required,
Not required,Not required,012Sl0000003lgjIAA,012Sl0000003lgjIAA,TRUE,Not required,FALSE,CANCEL_RELEVANT_LIFE_COVER,Cancel Relevant Life Cover,LV_RELEVANT_LIFE,CANCEL_EXISTING_PROTECTION,CANCEL_RELEVANT_LIFE_COVER,Not required,
Not required,Not required,0124J000000cvmJQAQ,0124J000000cvmJQAQ,TRUE,Not required,FALSE,CANCEL_FAMILY_INCOME_BENEFIT,Cancel Family Income Benefit,LV_FIB,CANCEL_EXISTING_PROTECTION,CANCEL_FAMILY_INCOME_BENEFIT,Not required,
Not required,Not required,0121t0000001eUvAAI,0121t0000001eUvAAI,TRUE,Not required,FALSE,CANCEL_LIFE_COVER,Cancel Life Cover,LV_SINGLE_LIFE_COVER,CANCEL_EXISTING_PROTECTION,CANCEL_LIFE_COVER,Not required,
Not required,Not required,0121t0000001eUZAAY,0121t0000001eUZAAY,TRUE,Not required,FALSE,CANCEL_INCOME_PROTECTION,Cancel Income Protection,LV_INCOME_PROTECTION,CANCEL_EXISTING_PROTECTION,CANCEL_INCOME_PROTECTION,Not required,
Not required,Not required,0121t0000001eU7AAI,0121t0000001eU7AAI,TRUE,Not required,FALSE,CANCEL_LIFE_CIC,Cancel Life & CIC,LV_LIFE_CIC,CANCEL_EXISTING_PROTECTION,CANCEL_LIFE_CIC,Not required,
Required,Not required,,,TRUE,Not required,FALSE,PROVIDER_TRUST,Set up provider trust,,PROVIDER_TRUST,PROVIDER_TRUST,Not required,
Not required,Required,012Sl0000003lgjIAA,012Sl0000003lgjIAA,TRUE,Not required,FALSE,OPEN_AIG_RELEVANT_LIFE_COVER,Open AIG Relevant Life Cover,AIG_RELEVANT_LIFE,OPEN_PRODUCT,OPEN_AIG_RELEVANT_LIFE_COVER,Not required,
Not required,Not required,0124J000000cvmJQAQ,0124J000000cvmJQAQ,TRUE,Not required,FALSE,OPEN_AIG_FAMILY_INCOME_BENEFIT,Open AIG Family Income Benefit,AIG_FIB,OPEN_PRODUCT,OPEN_AIG_FAMILY_INCOME_BENEFIT,Not required,
Not required,Not required,0121t0000001eUvAAI,0121t0000001eUvAAI,TRUE,Not required,FALSE,OPEN_AIG_LIFE_COVER,Open AIG Life Cover,AIG_SINGLE_LIFE_COVER,OPEN_PRODUCT,OPEN_AIG_LIFE_COVER,Not required,
Not required,Not required,0121t0000001eUZAAY,0121t0000001eUZAAY,TRUE,Not required,FALSE,OPEN_AIG_INCOME_PROTECTION,Open AIG Income Protection,AIG_INCOME_PROTECTION,OPEN_PRODUCT,OPEN_AIG_INCOME_PROTECTION,Not required,
Not required,Not required,0121t0000001eU7AAI,0121t0000001eU7AAI,TRUE,Not required,FALSE,OPEN_AIG_LIFE_CIC,Open AIG Life & CIC,AIG_LIFE_CIC,OPEN_PRODUCT,OPEN_AIG_LIFE_CIC,Not required,
Not required,Not required,012Sl0000003lgjIAA,012Sl0000003lgjIAA,TRUE,Not required,FALSE,CANCEL_RELEVANT_LIFE_COVER_AIG,Cancel Relevant Life Cover,AIG_RELEVANT_LIFE,CANCEL_EXISTING_PROTECTION,CANCEL_RELEVANT_LIFE_COVER_AIG,Not required,
Not required,Not required,0124J000000cvmJQAQ,0124J000000cvmJQAQ,TRUE,Not required,FALSE,CANCEL_FAMILY_INCOME_BENEFIT_AIG,Cancel Family Income Benefit,AIG_FIB,CANCEL_EXISTING_PROTECTION,CANCEL_FAMILY_INCOME_BENEFIT_AIG,Not required,
Not required,Not required,0121t0000001eUvAAI,0121t0000001eUvAAI,TRUE,Not required,FALSE,CANCEL_LIFE_COVER_AIG,Cancel Life Cover,AIG_SINGLE_LIFE_COVER,CANCEL_EXISTING_PROTECTION,CANCEL_LIFE_COVER_AIG,Not required,
Not required,Not required,0121t0000001eUZAAY,0121t0000001eUZAAY,TRUE,Not required,FALSE,CANCEL_INCOME_PROTECTION_AIG,Cancel Income Protection,AIG_INCOME_PROTECTION,CANCEL_EXISTING_PROTECTION,CANCEL_INCOME_PROTECTION_AIG,Not required,
Not required,Not required,0121t0000001eU7AAI,0121t0000001eU7AAI,TRUE,Not required,FALSE,CANCEL_LIFE_CIC_AIG,Cancel Life & CIC,AIG_LIFE_CIC,CANCEL_EXISTING_PROTECTION,CANCEL_LIFE_CIC_AIG,Not required,